ID,FrameNb,Timestamp,Payload,Checksum
15,0,0,03de453c,9e
78,0,0,83d37c2a,04
15,1,25,04004579,3e
15,2,50,041145d4,d2
78,1,51,840a7c05,f1
15,3,75,040b4617,94
15,4,100,0430461c,6a
15,5,125,04344674,0e
78,2,128,83f77c1f,eb
15,6,150,043c46ae,cc
78,3,153,840d7c10,e3
15,7,175,046546a9,a8
15,8,200,045a46d6,86
78,4,204,84177c26,c3
15,9,225,046f46fe,49
78,5,255,843b7c31,94
15,10,262,047a472d,0e
15,11,275,049d4763,b5
15,12,300,049e47b2,65
78,6,306,84447c26,96
15,13,325,04c147f0,04
15,14,350,04c947d0,1c
78,7,357,845a7c26,80
15,15,375,04cd4822,c5
15,16,400,04d94860,7b
78,8,408,84627c0e,90
15,17,425,04eb4875,54
15,18,450,04fc48ea,ce
78,9,459,84987c2c,3c
15,19,475,050b4921,86
15,20,500,052b491c,6b
78,10,510,84967c14,56
15,21,525,05434947,28
15,22,550,054049ad,c5
78,11,561,849d7c1f,44
15,23,575,054949af,ba
15,24,600,057249e7,59
15,25,625,058149f3,3e
15,26,650,05804a64,cd
78,13,663,84c77c36,03
15,27,675,058a4a64,c3
15,28,700,05954a97,85
78,14,714,84e47c21,fb
15,29,725,05be4aaa,49
15,30,750,05c84adc,0d
78,15,765,85047c49,b2
15,31,775,05df4b55,7c
15,32,800,05dc4b84,50
78,16,816,84fe7c1c,e6
15,33,825,05f24b5d,61
15,34,850,05ff4b95,1c
78,17,867,850b7c42,b2
15,35,875,06184bc7,d0
15,36,900,06264bf8,91
78,18,918,853f7c3e,82
15,37,925,06314c1a,63
15,38,950,064a4c74,f0
78,19,969,85577c35,73
15,39,975,064f4c96,c9
15,40,1012,06634cb9,92
78,20,1020,85547c49,62
15,41,1025,06674cf2,55
15,42,1050,067d4d3b,f5
78,21,1071,85657c4a,50
15,43,1075,06994d97,7d
15,44,1100,06a74d95,71
78,22,1122,85807c37,48
15,45,1125,06c04dd1,1c
15,46,1150,06d04e16,c6
78,23,1173,85767c56,33
15,47,1175,06c84e1f,c5
15,48,1200,06d44e4f,89
78,24,1224,85837c3f,3d
15,49,1225,07004ea8,03
15,50,1250,06f94ea9,0a
15,51,1275,07094ec4,de
78,25,1275,85c27c5c,e1
15,52,1300,072a4f32,4e
15,53,1325,07264f1d,67
78,26,1326,85b47c4d,fe
15,54,1350,07374f86,ed
15,55,1375,074c4fb4,aa
78,27,1377,85e97c5e,b8
15,56,1400,07684ffc,46
15,57,1425,0769500d,33
78,28,1428,85fc7c37,cc
15,58,1450,077e504b,e0
15,59,1475,07975066,ac
78,29,1479,860f7c44,ab
15,60,1500,079850b6,5b
15,61,1525,07a950a5,5b
78,30,1530,86147c66,84
15,62,1550,07b950c9,27
15,63,1575,07d05110,c8
78,31,1581,86327c5e,6e
15,64,1600,07e75135,8c
15,65,1625,07e5518d,36
78,32,1632,86317c48,85
15,66,1662,0807519f,01
15,67,1675,081451d3,c0
78,33,1683,86287c4d,89
15,68,1700,08125238,5c
15,69,1725,082d5266,13
78,34,1734,86607c67,37
15,70,1750,0846526d,f3
15,71,1775,08575296,b9
78,35,1785,86567c3e,6a
15,72,1800,086652b4,8c
15,73,1825,086352f4,4f
78,36,1836,86677c69,2e
15,74,1850,0879530a,22
15,75,1875,08855374,ac
78,37,1887,86727c5c,30
15,76,1900,0898535e,af
15,77,1925,08b0538f,66
78,38,1938,868b7c46,2d
15,78,1950,08b653f1,fe
15,79,1975,08d95426,a5
78,39,1989,86b07c4d,01
15,80,2000,08e55477,48
15,81,2025,08e35485,3c
78,40,2040,86b47c54,f6
15,82,2050,090154a5,fd
15,83,2075,091654cf,be
78,41,2091,86c27c78,c4
15,84,2100,09205537,4b
15,85,2125,09395551,18
78,42,2142,86f77c70,97
15,86,2150,0936558a,e2
15,87,2175,095955bd,8c
78,43,2193,86e17c51,cc
15,88,2200,095755d9,72
15,89,2225,096655d6,66
78,44,2244,86f67c50,b8
15,90,2250,097e5609,1a
15,91,2275,097e5658,cb
78,45,2295,87037c5f,9b
15,92,2300,099556b1,5b
15,93,2325,09a656dc,1f
78,46,2346,87157c6e,7a
15,94,2350,09c656e8,f3
15,95,2375,09ce5707,cb
78,47,2397,87407c55,68
15,96,2400,09df5753,6e
15,97,2425,09f75751,58
78,48,2448,87657c6e,2a
15,98,2450,0a025789,14
15,99,2475,0a1157fc,92
78,49,2499,874e7c58,57
15,100,2500,0a115823,6a
15,101,2525,0a215836,47
78,50,2550,876e7c87,08
15,102,2550,0a3f5868,f7
15,103,2575,0a4b5865,ee
15,104,2600,0a5358e2,69
78,51,2601,87747c5c,2d
15,105,2625,0a6c58cc,66
15,106,2650,0a7f58f6,29
78,52,2652,878d7c7f,f1
15,107,2675,0a945944,c5
15,108,2700,0aa15970,8c
78,53,2703,87bb7c8f,b3
15,109,2725,0ab659a5,42
15,110,2750,0ab459c7,22
78,54,2754,87c57c91,a7
15,111,2775,0abc59de,03
15,112,2800,0acf5a2c,a1
78,55,2805,87dc7c75,ac
15,113,2825,0af75a56,4f
15,114,2850,0b035a9a,fe
78,56,2856,87f37c75,95
15,115,2875,0b035aee,aa
15,116,2900,0b135b0b,7c
78,57,2907,88017c80,7b
15,117,2925,0b285b38,3a
15,118,2950,0b445b6e,e8
78,58,2958,88087c88,6c
15,119,2975,0b475b74,df
15,120,3000,0b645be9,4d
78,59,3009,88277c7b,5a
15,121,3025,0b615bbf,7a
15,122,3050,0b755c37,ed
78,60,3060,88237c7b,5e
15,123,3075,0b8a5c28,e7
15,124,3100,0b8f5ca5,65
78,61,3111,88367c76,50
15,125,3125,0ba05c7e,7b
15,126,3150,0bc55cdc,f8
78,62,3162,88487c77,3d
15,127,3175,0bce5d0b,bf
15,128,3200,0be05d37,81
78,63,3213,886c7c89,07
15,129,3225,0bf55d84,1f
15,130,3250,0bed5d7c,2f
78,64,3264,88837c86,f3
15,131,3275,0bff5daf,ea
15,132,3300,0c1a5df8,85
78,65,3315,889a7c83,df
15,133,3325,0c215e15,60
15,134,3350,0c3d5e7b,de
78,66,3366,889a7c8c,d6
15,135,3375,0c3a5e8a,d2
15,136,3400,0c525ee3,61
78,67,3417,88bc7c92,ae
15,137,3425,0c5b5ecc,6f
15,138,3450,0c7d5ee3,36
78,68,3468,88c37c93,a6
15,139,3475,0c905f29,dc
15,140,3500,0c895f40,cc
78,69,3519,88db7c99,88
15,141,3525,0ca75fb4,3a
15,142,3550,0cab5fc2,28
78,70,3570,88e07c81,9b
15,143,3575,0cc85ffa,d3
15,144,3600,0cdd6038,7f
78,71,3621,88e67ca8,6e
15,145,3625,0ce2607c,36
15,146,3650,0cf5606f,30
78,72,3672,890e7c87,66
15,147,3675,0cf660e5,b9
15,148,3700,0d2160d0,a2
78,73,3723,892d7cb0,1e
15,149,3725,0d276146,25
15,150,3750,0d366127,35
78,74,3774,891f7ca9,33
15,151,3775,0d4f615a,e9
15,152,3800,0d55619d,a0
15,153,3825,0d5d61ca,6b
78,75,3825,89257ca5,31
15,154,3850,0d6561ed,40
15,155,3875,0d8a6238,cf
78,76,3876,893a7cb4,0d
15,156,3900,0d8e6250,b3
15,157,3925,0da3626f,7f
78,77,3927,89697cb1,e1
15,158,3950,0dbb62d1,05
15,159,3975,0dc6631a,b0
78,78,3978,896e7c95,f8
15,160,4000,0dc86335,93
15,161,4025,0dda6339,7d
78,79,4029,897a7c97,ea
15,162,4050,0dfd6388,0b
15,163,4075,0e0c63bd,c6
78,80,4080,89a27ca6,b3
15,164,4100,0e106418,66
15,165,4125,0e2763ec,7c
78,81,4131,89ba7c98,a9
15,166,4150,0e3a6455,ff
15,167,4175,0e37645e,f9
78,82,4182,89c47cb5,82
15,168,4200,0e4464b8,92
15,169,4225,0e6b64d5,4e
78,83,4233,89b57ca4,a2
15,170,4250,0e67652d,f9
15,171,4275,0e8e6548,b7
78,84,4284,89df7c97,85
15,172,4300,0e8f6548,b6
15,173,4325,0e9a6569,8a
78,85,4335,89f77cbb,49
15,174,4350,0eac65e9,f8
15,175,4375,0eb56620,b7
78,86,4386,89ef7cbc,50
15,176,4400,0ecf6635,88
15,177,4425,0eed665a,45
78,87,4437,8a217cb1,28
15,178,4450,0ee766af,f6
15,179,4475,0efb66bb,d6
78,88,4488,8a187cc9,19
15,180,4500,0f1766fe,76
15,181,4525,0f236702,65
78,89,4539,8a2d7cc7,06
15,182,4550,0f24676e,f8
15,183,4575,0f426742,06
78,90,4590,8a467ca9,0b
15,184,4600,0f53679b,9c
15,185,4625,0f60679e,8c
78,91,4641,8a597ca4,fd
15,186,4650,0f7e67d0,3c
15,187,4675,0f7d6820,ec
78,92,4692,8a6d7cbe,cf
15,188,4700,0f94682d,c8
15,189,4725,0f9468a7,4e
78,93,4743,8a6b7cd8,b7
15,190,4750,0fa568b6,2e
15,191,4775,0fbb6917,b6
78,94,4794,8a9f7ccf,8c
15,192,4800,0fdc6909,a3
15,193,4825,0fe76960,41
78,95,4845,8a9d7cd0,8d
15,194,4850,0fec696b,31
15,195,4875,0ffd69d6,b5
78,96,4896,8ab37cc2,85
15,196,4900,100069be,c9
15,197,4925,102c6a25,35
78,97,4947,8acc7cd8,56
15,198,4950,102d6a14,45
15,199,4975,10416a74,d1
78,98,4998,8ada7cc5,5b
15,200,5000,105c6ab2,78
15,201,5025,105f6ac5,62
78,99,5049,8ae77ce1,32
15,202,5062,10656b00,20
15,203,5075,10776b15,f9
15,204,5100,10816b35,cf
78,100,5100,8af87cc2,40
15,205,5125,10aa6b9b,40
15,206,5150,10ba6b98,33
78,101,5151,8afd7cb6,47
15,207,5175,10b96bde,ee
15,208,5200,10d76c16,97
78,102,5202,8b247cdc,f9
15,209,5225,10e86c20,7c
15,210,5250,10e16c4c,57
78,103,5253,8b417cc9,ef
15,211,5275,11076cb0,cc
15,212,5300,11056cd6,a8
78,104,5304,8b517cc1,e7
15,213,5325,111d6d16,4f
15,214,5350,11326d64,ec
78,105,5355,8b547cbf,e6
15,215,5375,114a6d62,d6
15,216,5400,11456da2,9b
78,106,5406,8b5a7cda,c5
15,217,5425,11626df3,2d
15,218,5450,117a6df5,13
78,107,5457,8b8d7ccc,a0
15,219,5475,11806df6,0c
15,220,5500,118a6e4e,a9
78,108,5508,8b7b7cdb,a3
15,221,5525,119c6e91,54
15,222,5550,119e6ea9,3a
78,109,5559,8ba17cf4,64
15,223,5575,11ad6f03,d0
15,224,5600,11d66f0e,9c
78,110,5610,8bb57ce1,63
15,225,5625,11d56f51,5a
15,226,5650,11f46f7f,0d
78,111,5661,8bd17cdf,49
15,227,5675,11fb6fad,d8
15,228,5700,11fd6fbb,c8
78,112,5712,8bd97cdc,44
15,229,5725,12127026,46
15,230,5750,121d701c,45
78,113,5763,8bda7ce0,3f
15,231,5787,12417063,da
15,232,5800,124b707c,b7
78,114,5814,8c077cd9,18
15,233,5825,126870d8,3e
15,234,5850,127370e9,22
78,115,5865,8c2a7ced,e1
15,235,5875,127f713f,bf
15,236,5900,127c711d,e4
78,116,5916,8c0b7ce3,0a
15,237,5925,12a7716c,6a
15,238,5950,12b571b1,17
78,117,5967,8c2c7ce1,eb
15,239,5975,12c271e0,db
15,240,6000,12bd71fa,c6
78,118,6018,8c4d7cff,ac
15,241,6025,12e2722d,6d
15,242,6062,12de7284,1a
78,119,6069,8c677cff,92
15,243,6075,130572a6,d0
15,244,6100,12fa72c4,be
78,120,6120,8c7a7d01,7c
15,245,6125,1322731c,3c
15,246,6150,13247309,4d
78,121,6171,8c937cfb,6a
15,247,6175,133c735f,df
15,248,6200,133d7364,d9
78,122,6222,8c997cf4,6b
15,249,6225,135e73a0,7c
15,250,6250,136c7410,fd
78,123,6273,8c9c7d01,5a
15,251,6275,137473e7,1f
15,252,6300,13937431,b5
78,124,6324,8cbb7d02,3a
15,253,6325,13a27458,7f
15,254,6350,139a749e,41
78,125,6375,8cd27d0d,18
15,255,6375,13af74b9,11
15,256,6400,13c17528,8f
15,257,6425,13db7552,4b
78,126,6426,8cc17d0a,2c
15,258,6450,13f07541,47
15,259,6475,13fc7566,16
78,127,6477,8cea7d02,0b
15,260,6500,140c75e3,88
15,261,6525,140d75eb,7f
15,262,6550,14317637,0e
15,263,6575,14407651,e5
78,129,6579,8d127cf5,f0
15,264,6600,144a7670,bc
15,265,6625,146476c3,4f
78,130,6630,8d197d0b,d2
15,266,6650,146476d0,42
15,267,6675,146a771b,f0
78,131,6681,8d287d02,cc
15,268,6700,14867766,89
15,269,6725,14997799,43
78,132,6732,8d3f7d19,9e
15,270,6750,149d779c,3c
15,271,6775,14ad77d6,f2
78,133,6783,8d437d21,92
15,272,6800,14b77826,97
15,273,6825,14d97819,82
78,134,6834,8d657d13,7e
15,274,6850,14e8786f,1d
15,275,6875,14f2787e,04
78,135,6885,8d747cf7,8c
15,276,6900,151378cf,91
15,277,6925,152078dd,76
78,136,6936,8d8c7cf8,73
15,278,6950,151b7914,43
15,279,6975,15357978,c5
78,137,6987,8db17d0e,37
15,280,7000,154a7952,d6
15,281,7025,154979ac,7d
78,138,7038,8dcc7d22,08
15,282,7050,157279cd,33
15,283,7075,156579dc,31
78,139,7089,8daf7d08,3f
15,284,7100,15917a35,ab
15,285,7125,15907a3d,a4
78,140,7140,8dd27d1b,09
15,286,7150,15a47aa4,29
15,287,7175,15b27aa9,16
78,141,7191,8de57d28,e9
15,288,7200,15c47ae9,c4
15,289,7225,15c77b06,a3
78,142,7242,8df47d18,ea
15,290,7250,15ec7b84,00
15,291,7275,15f57bb0,cb
78,143,7293,8e107d2e,b7
15,292,7300,160c7be4,7f
15,293,7325,160a7bbe,a7
78,144,7344,8e397d1a,a2
15,294,7350,161e7c0b,45
15,295,7375,16377c47,f0
78,145,7395,8e337d2c,96
15,296,7400,163c7c93,9f
15,297,7425,16547cc4,56
78,146,7446,8e307d17,ae
15,298,7450,166b7cdd,26
15,299,7475,16787cf7,ff
78,147,7497,8e457d31,7f
15,300,7500,16877d5d,89
15,301,7525,16917d71,6b
78,148,7548,8e597d37,65
15,302,7550,169a7dc5,0e
15,303,7575,16aa7dcc,f7
78,149,7599,8e917d1d,47
15,304,7600,16c07e00,ac
15,305,7625,16d47dfc,9d
78,150,7650,8e7b7d1d,5d
15,306,7650,16e87e58,2c
15,307,7675,16fe7ea4,ca
15,308,7700,16fd7ec9,a6
78,151,7701,8eb17d28,1c
15,310,7750,17137f41,16
78,152,7752,8e9e7d26,31
15,311,7775,17367f32,02
15,312,7800,17347f43,f3
78,153,7803,8eb97d45,f7
15,313,7825,17557f73,a2
15,314,7850,17537ffc,1b
78,154,7854,8ece7d22,05
15,315,7875,17617ff0,19
15,316,7900,177a800e,e1
78,155,7905,8edc7d45,d4
15,317,7925,17938057,7f
15,318,7950,17ad80ac,10
78,156,7956,8efd7d39,bf
15,319,7975,17a880c0,01
15,320,8000,17ca8103,9b
78,157,8007,8f137d1f,c2
15,321,8025,17c680ef,b4
15,322,8050,17e8816b,15
78,158,8058,8f337d49,78
15,323,8075,17fd817d,ee
15,324,8100,1803818c,d8
78,159,8109,8f477d30,7d
15,325,8125,180e81b5,a4
15,326,8150,182c81e8,53
78,160,8160,8f307d38,8c
15,327,8175,18398208,25
15,328,8200,183b823c,ef
78,161,8211,8f3e7d3f,77
15,329,8225,185c82c6,44
15,330,8250,185682af,61
78,162,8262,8f7c7d27,51
15,331,8275,186a82d7,25
15,332,8300,1887830d,d1
78,163,8313,8f667d2d,61
15,333,8325,1892836a,69
15,334,8350,18938374,5e
78,164,8364,8f877d3f,2e
15,335,8375,18b183a0,14
15,336,8400,18c783e1,bd
78,165,8415,8f927d44,1e
15,337,8425,18c083f9,ac
15,338,8450,18e38475,0c
78,166,8466,8fc67d4e,e0
15,339,8475,18e08478,0c
15,340,8500,18f6848e,e0
78,167,8517,8fd47d5b,c5
15,341,8525,190284cb,96
15,342,8550,192884eb,50
78,168,8568,8fcb7d43,e6
15,343,8575,1924850e,30
15,344,8600,1938856c,be
78,169,8619,8fd17d36,ed
15,345,8625,194885bc,5e
15,346,8650,196385ca,35
78,170,8670,8fe17d38,db
15,347,8675,196485e0,1e
15,348,8700,19788603,e6
78,171,8721,901b7d36,a2
15,349,8725,197f8672,70
15,350,8750,19a08693,2e
78,172,8772,90217d4d,85
15,351,8775,19b786dc,ce
15,352,8800,19af86c2,f0
78,173,8823,903e7d60,55
15,354,8850,19d7874d,3c
78,174,8874,90507d56,4d
15,355,8875,19e0874a,36
15,356,8900,19f087c3,ad
78,175,8925,903c7d46,71
15,357,8925,1a0e87f7,5a
15,358,8950,1a1f8828,17
15,359,8975,1a24882d,0d
78,176,8976,90547d5d,42
15,360,9000,1a31888c,a1
15,361,9025,1a5688bb,4d
78,177,9027,90767d4b,32
15,362,9050,1a5a88e5,1f
15,363,9075,1a6a88d4,20
78,178,9078,90997d4d,0d
15,364,9100,1a888922,b3
15,365,9125,1a958959,6f
78,179,9129,90ae7d46,ff
15,366,9150,1a9f8962,5c
15,367,9175,1a9f89b2,0c
78,180,9180,90b87d71,ca
15,368,9200,1aad89b1,ff
15,369,9225,1acf89f1,9d
78,181,9231,90b77d4c,f0
15,370,9250,1ad68a5b,2b
15,371,9275,1ada8a90,f2
78,182,9282,90ca7d4e,db
15,372,9300,1b008a80,db
15,373,9325,1b0d8af8,56
78,183,9333,90e47d4f,c0
15,374,9350,1b0c8b09,45
15,375,9375,1b348b50,d6
78,184,9384,90f37d63,9d
15,376,9400,1b2f8b35,f6
15,377,9425,1b448b9b,7b
78,185,9435,91037d67,88
15,378,9450,1b568be5,1f
15,379,9475,1b648be2,14
78,186,9486,91247d71,5d
15,380,9500,1b838c1f,b7
15,381,9525,1b8c8c2e,9f
78,187,9537,913d7d57,5e
15,382,9550,1b9f8c6b,4f
15,383,9575,1bac8cb3,fa
78,188,9588,91447d74,3a
15,384,9600,1bb48cb6,ef
15,385,9625,1bc58cf8,9c
78,189,9639,916a7d5d,2b
15,386,9650,1be58d64,0f
15,387,9675,1bed8d6b,00
78,190,9690,914c7d75,31
15,388,9700,1c018d6c,ea
15,389,9725,1c008dbb,9c
78,191,9741,91647d87,07
15,390,9750,1c1b8dc1,7b
15,391,9775,1c1e8e0d,2b
78,192,9792,91987d77,e3
15,392,9800,1c3b8e7a,a1
15,393,9825,1c418e9c,79
78,193,9843,91857d75,f8
15,394,9850,1c628ed5,1f
15,395,9875,1c588eee,10
78,194,9894,919d7d61,f4
15,396,9900,1c7d8f2a,ae
15,397,9925,1c7a8f42,99
78,195,9945,91c37d89,a6
15,398,9950,1ca08f69,4c
15,399,9975,1ca18fb5,ff
78,196,9996,91d47d94,8a
15,400,10000,1caa8ff5,b6
15,401,10025,1cc0900e,86
78,197,10047,91f07d76,8c
15,402,10050,1cd09054,30
15,403,10075,1ce5903f,30
78,198,10098,91fb7d70,87
15,404,10100,1d0190ac,a6
15,405,10125,1d089098,b3
78,199,10149,91fd7d73,82
15,406,10150,1d1990ed,4d
15,407,10175,1d259127,06
15,408,10200,1d3d9168,ad
78,200,10200,921a7d81,56
15,409,10225,1d48918e,7c
15,410,10250,1d4a917c,8c
78,201,10251,92307d79,48
15,411,10275,1d6c91cd,19
15,412,10300,1d7f921e,b4
78,202,10302,92527d71,2e
15,413,10325,1d8d922b,99
15,414,10350,1d879251,79
78,203,10353,92437d7b,33
15,415,10375,1db092be,e3
15,416,10400,1db0929f,02
78,204,10404,926b7d88,fe
15,417,10425,1dbf92f6,9c
15,418,10450,1ddb92fa,7c
78,205,10455,927c7d9b,da
15,419,10475,1ddc9330,44
15,420,10500,1dfc93b4,a0
78,206,10506,929c7d76,df
15,421,10525,1e0e93d0,71
15,422,10550,1e2093c3,6c
78,207,10557,929f7d8e,c4
15,423,10575,1e139412,29
15,424,10600,1e3b9463,b0
78,208,10608,92be7d99,9a
15,425,10637,1e50944d,b1
15,426,10650,1e5b94ac,47
78,209,10659,92c87d8f,9a
15,427,10675,1e6c9501,e0
15,428,10700,1e7494d7,03
78,210,10710,92d87d84,95
15,429,10725,1e789533,a2
15,430,10750,1e92955f,5c
78,211,10761,92e27d8e,81
15,431,10775,1ea495af,fa
15,432,10800,1ea595ab,fd
78,212,10812,93087da0,48
15,433,10825,1eb695c8,cf
15,434,10850,1ec6962b,5b
78,213,10863,93047d85,67
15,435,10875,1ee2967c,ee
15,436,10900,1ee59692,d5
78,214,10914,93027d9b,53
15,437,10925,1eff9699,b4
15,438,10950,1f1f970c,1f
78,215,10965,933f7da2,0f
15,439,10975,1f1b971d,12
15,440,11000,1f2f9763,b8
78,216,11016,93457d91,1a
15,441,11025,1f4c9746,b8
15,442,11050,1f5a97a3,4d
78,217,11067,935a7d94,02
15,443,11075,1f6a97be,22
15,444,11100,1f77981c,b6
78,218,11118,934f7dad,f4
15,445,11125,1f7b9851,7d
15,446,11150,1f85987a,4a
78,219,11169,93797d9f,d8
15,447,11175,1fa698b4,ef
15,448,11200,1fab98af,ef
78,220,11220,93727dba,c4
15,449,11225,1fb698c9,ca
15,450,11250,1fc29946,40
78,221,11271,93897d94,d3
15,451,11275,1fda995d,11
15,452,11300,1feb99a7,b6
78,222,11322,93b27d9b,a3
15,453,11325,200a99b3,8a
15,454,11350,1fff99f6,53
78,223,11373,93c77d9f,8a
15,455,11375,201f9a02,25
15,456,11400,202f9a2a,ed
78,224,11424,93e57d9a,71
15,457,11425,203d9a7d,8c
15,458,11450,20569ab6,3a
78,225,11475,93e97dc0,47
15,459,11475,20579aca,25
15,460,11500,206c9af0,ea
15,461,11525,20899afc,c1
78,226,11526,93f17dc8,37
15,462,11550,208e9b5f,58
15,463,11575,20a39b73,2f
78,227,11577,940a7dbb,2a
15,464,11600,20b49bc9,c8
15,465,11625,20b39c05,8c
78,228,11628,94097dc1,25
15,466,11650,20c49c0c,74
15,467,11675,20db9c27,42
78,229,11679,94427db8,f5
15,468,11700,20eb9c4f,0a
15,469,11725,20fa9c7b,cf
78,230,11730,94447dce,dd
15,470,11750,21159cd6,58
15,471,11775,210f9d0c,27
78,231,11781,944e7db5,ec
15,472,11800,21349d08,06
15,473,11825,21419d48,b9
78,232,11832,945d7dd5,bd
15,474,11850,215a9d8b,5d
15,475,11875,21599dd4,15
78,233,11883,94897dc4,a2
15,476,11900,21679dcc,0f
15,477,11925,21799e3f,89
78,234,11934,948d7dac,b6
15,478,11950,217e9e6a,59
15,479,11975,21959e56,56
78,235,11985,948e7da9,b8
15,480,12000,219f9ed9,c9
15,481,12025,21c29efe,81
78,236,12036,94b47dd1,6a
15,482,12050,21c69ef6,85
15,483,12075,21db9f26,3f
78,237,12087,94c37dde,4e
15,484,12100,21ef9f42,0f
15,485,12125,21fe9fce,74
78,238,12138,94c97db5,71
15,486,12162,22189fdc,4b
15,487,12175,2224a028,f2
78,239,12189,94d77dcb,4d
15,488,12200,2237a00e,f9
15,489,12225,223ea078,88
78,240,12240,94ea7dd9,2c
15,490,12250,2256a080,68
15,491,12275,2260a0e7,f7
78,241,12291,95077dc2,25
15,492,12300,2262a0ed,ef
15,493,12325,2273a135,95
78,242,12342,952c7dc1,01
15,494,12350,2291a130,7c
15,495,12375,2295a175,33
78,243,12393,953b7ddb,d8
15,496,12400,22b1a18d,ff
15,497,12425,22b6a1c0,c7
78,244,12444,953d7dca,e7
15,498,12450,22d6a1eb,7c
15,499,12475,22d4a214,54
78,245,12495,95617dc7,c6
15,500,12500,22e3a237,22
15,501,12525,2307a2c1,73
78,246,12546,95567dc3,d5
15,502,12550,2308a2c7,6c
15,503,12575,2316a2ce,57
78,247,12597,95617dd4,b9
15,504,12600,2319a34c,d5
15,505,12625,233aa345,bb
78,248,12648,95857dc8,a1
15,506,12650,2355a372,73
15,507,12675,2360a3e3,f7
78,249,12699,958d7de8,79
15,508,12700,2359a410,d0
15,509,12725,237ca43e,7f
78,250,12750,95a87dcd,79
15,510,12750,2395a436,6e
15,511,12775,23a1a452,46
15,512,12800,23afa4b6,d4
78,251,12801,95b47de9,51
15,513,12825,23ada4a9,e3
15,514,12850,23c4a4d9,9c
78,252,12852,95b67de2,56
15,515,12875,23d5a526,3d
15,516,12900,23f4a56d,d7
78,253,12903,95d67df4,24
15,517,12925,2402a5c3,72
15,518,12950,23f8a5b8,88
78,254,12954,96087dfb,ea
15,519,12975,241ea5c7,52
15,520,13000,2433a606,fd
78,255,13005,960a7ddc,07
15,521,13025,2433a62f,d4
15,522,13050,2446a67f,71
78,256,13056,960b7dd2,10
15,523,13075,2446a694,5c
15,524,13100,245ba6e2,f9
78,257,13107,96177dd8,fe
15,525,13125,2476a71a,a5
15,526,13150,2478a725,98
78,258,13158,964c7e00,a0
15,527,13175,248aa743,68
15,528,13200,249ea783,14
78,259,13209,96477dde,c8
15,529,13225,24bba7d1,a9
15,530,13250,24c3a7f1,81
78,260,13260,966a7de6,9d
15,531,13275,24e3a847,0a
15,532,13300,24e6a873,db
78,261,13311,966d7ddf,a1
15,533,13325,2500a85e,d5
15,534,13350,2508a8c0,6b
78,262,13362,96777ddc,9a
15,535,13375,251ca8e0,37
15,536,13400,251ea94b,c9
78,263,13413,96957dfd,5b
15,537,13425,252ea971,93
15,538,13450,2546a99f,4d
78,264,13464,96ad7df4,4c
15,539,13475,255aa9c5,13
15,540,13500,2558a9de,fc
78,265,13515,96c37de0,4a
15,541,13525,2568aa16,b3
15,542,13550,258faa43,5f
78,266,13566,96b27df1,4a
15,543,13575,258aaa96,11
15,544,13600,25afaa87,fb
78,267,13617,96cd7df0,30
15,545,13625,25c0aaef,82
15,546,13650,25cfab06,5b
78,268,13668,96fb7e09,e8
15,547,13675,25c4ab44,28
15,548,13700,25ebab37,0e
78,269,13719,96ea7dff,04
15,549,13725,2600ab90,9f
15,550,13750,2607abbc,6c
78,270,13770,97087deb,f9
15,551,13775,260babc2,62
15,552,13800,261aac29,eb
78,271,13821,972b7dfa,c7
15,553,13825,2635ac70,89
15,554,13850,2641ac6f,7e
78,272,13872,972c7e18,a7
15,555,13875,264dacca,17
15,556,13900,265daccc,05
78,273,13923,97387e10,a3
15,557,13925,266face7,d8
15,558,13962,268ead13,8c
78,274,13974,97537e0b,8d
15,559,13975,268ead50,4f
15,560,14000,269eadac,e3
15,561,14025,26baadc3,b0
78,275,14025,97877e22,42
15,562,14050,26c0add3,9a
15,563,14075,26d6adfa,5d
78,276,14076,97707e06,75
15,564,14100,26eaae60,e2
15,565,14125,26f8ae86,ae
78,277,14127,97a47e06,41
15,566,14150,270eae87,96
15,567,14175,2719aecc,46
78,278,14178,97a87e06,3d
15,568,14212,271caee6,29
15,569,14225,273baf69,86
78,279,14229,97ab7e0b,35
15,570,14250,273aaf8e,62
15,571,14275,2759af83,4e
78,280,14280,97c37e03,25
15,572,14300,2752aff0,e8
15,573,14325,2771aff9,c0
78,281,14331,97e47e09,fe
15,574,14350,278ab03f,60
15,575,14375,2782b02a,7d
78,282,14382,97d67e1d,f8
15,576,14400,279eb07d,0e
15,577,14425,27a4b0af,d6
78,283,14433,97f27e05,f4
15,579,14475,27c5b0fd,67
78,284,14484,98157e1d,b8
15,580,14500,27ecb17b,c1
15,581,14525,27eab1a8,96
78,285,14535,98107e10,ca
15,582,14550,27feb17b,af
15,583,14575,2813b1df,35
78,286,14586,98217e0c,bd
15,584,14600,2817b21b,f4
15,585,14625,2834b266,8c
15,586,14650,2834b237,bb
78,287,14663,98487e12,90
15,587,14675,2845b2a6,3b
78,288,14688,986a7e2c,54
15,588,14700,285eb2bc,0c
15,589,14725,2862b300,c3
78,289,14739,98837e1f,48
15,590,14750,2885b310,90
15,591,14775,2898b376,17
78,290,14790,98917e24,35
15,592,14800,28a3b37d,05
15,593,14825,28a8b3bd,c0
78,291,14841,989e7e1c,30
15,594,14850,28b3b3cf,a3
15,595,14875,28d5b404,4b
78,292,14892,98907e21,39
15,596,14900,28dfb43f,06
15,597,14925,28e1b480,c3
78,293,14943,98be7e25,07
15,598,14950,28edb495,a2
15,599,14975,2900b4e5,3e
78,294,14994,98c27e39,ef
15,600,15000,291db4ec,1a
15,601,15025,2936b50a,e2
78,295,15045,98f37e46,b1
15,602,15050,294ab581,57
15,603,15075,2953b5ac,23
78,296,15096,99037e2a,bc
15,604,15100,2950b595,3d
15,605,15125,2973b5d6,d9
78,297,15147,99007e33,b6
15,606,15150,297cb5f8,ae
15,607,15175,2983b660,3e
78,298,15198,990b7e26,b8
15,608,15200,299fb686,fc
15,609,15225,29b8b6c5,a4
78,299,15249,990c7e20,bd
15,610,15250,29c9b6f4,64
15,611,15275,29c0b731,2f
78,300,15300,992d7e3c,80
15,612,15300,29e2b70d,31
15,613,15325,29e7b761,d8
15,614,15350,2a05b799,81
78,301,15351,992f7e2e,8c
15,615,15375,29fbb7ef,36
15,616,15400,2a1cb816,ec
78,302,15402,99587e41,50
15,617,15425,2a1db800,01
15,618,15450,2a30b849,a5
78,303,15453,99627e3b,4c
15,620,15500,2a65b8ac,0d
78,304,15504,99927e54,03
15,621,15525,2a68b904,b1
15,622,15550,2a7ab900,a3
78,305,15555,999e7e29,22
15,623,15575,2a8fb925,69
15,624,15600,2a9cb97f,02
78,306,15606,99a37e5b,eb
15,625,15625,2aabb991,e1
15,626,15650,2ab7ba02,63
78,307,15657,99af7e32,08
15,627,15675,2ad0ba15,37
15,628,15700,2ae5ba3c,fb
78,308,15708,99b27e57,e0
15,629,15725,2af5ba7e,a9
78,309,15759,99eb7e32,cc
78,310,15810,99fc7e5a,93
78,311,15861,99fc7e50,9d
78,312,15912,9a167e3d,95
78,313,15963,9a307e59,5f
78,314,16014,9a367e40,72
78,315,16065,9a407e3d,6b
78,317,16167,9a6a7e6e,10
78,318,16218,9a837e49,1c
78,319,16269,9a7e7e66,04
78,320,16320,9aae7e47,f3
78,321,16371,9aa17e4e,f9
78,322,16422,9ab17e71,c6
78,323,16473,9aef7e6d,8c
78,324,16524,9ad47e4c,c8
78,325,16575,9afa7e7c,72
78,326,16626,9b007e59,8e
78,327,16677,9b207e6b,5c
78,328,16728,9b247e63,60
78,329,16779,9b547e61,32
78,330,16830,9b567e66,2b
78,331,16881,9b7c7e83,e8
78,332,16932,9b917e60,f6
78,333,16983,9b927e64,f1
78,334,17034,9b947e7b,d8
78,335,17085,9bb47e83,b0
78,336,17136,9bbd7e8a,a0
78,337,17187,9bdb7e7a,92
78,338,17238,9bd57e8b,87
78,339,17289,9bec7e7d,7e
78,340,17340,9c077e81,5e
78,341,17391,9c237e8d,36
78,342,17442,9c467e6f,31
78,343,17493,9c507e8e,08
78,344,17544,9c527e7c,18
78,345,17595,9c7c7e8a,e0
78,346,17646,9c8a7e9c,c0
78,347,17697,9c787e9c,d2
78,348,17748,9cb57e9e,93
78,349,17799,9cc97ea8,75
78,350,17850,9cb07e82,b4
78,351,17901,9ccb7e99,82
78,352,17952,9ce17e8b,7a
78,353,18003,9ced7ea3,56
78,354,18054,9d1a7e93,38
78,355,18105,9d1f7eb2,14
78,356,18156,9d217e95,2f
78,357,18207,9d477e8d,11
78,358,18258,9d3b7eb4,f6
78,359,18309,9d507ea0,f5
78,360,18360,9d8d7e96,c2
78,361,18411,9d8b7eb3,a7
78,362,18462,9da97e99,a3
78,363,18513,9d9c7e9f,aa
78,364,18564,9dbe7eaa,7d
78,365,18615,9dd67e9b,74
78,366,18666,9ddd7eb8,50
78,367,18717,9df57ec1,2f
78,369,18819,9e187ead,1f
78,371,18921,9e3a7ece,dc
78,372,18972,9e427eb0,f2
78,373,19023,9e757ec1,ae
78,374,19074,9e787ebe,ae
78,375,19125,9e7e7ed2,94
78,376,19176,9e837ed2,8f
78,377,19227,9e987ec0,8c
78,378,19278,9ea67ed8,66
78,379,19329,9ede7ecf,37
78,380,19380,9ed77ebd,50
78,381,19431,9ee27ee3,1f
78,382,19482,9f117eb6,1c
78,383,19533,9f057ee6,f8
78,385,19635,9f497ed0,ca
78,386,19686,9f597ee7,a3
78,387,19737,9f5a7edd,ac
78,388,19788,9f8d7ecd,89
78,389,19839,9f7c7ed2,95
78,390,19890,9f9f7ee8,5c
78,391,19941,9fbc7ec6,61
78,392,19992,9fbf7ece,56
78,393,20043,9fc47ed1,4e
78,394,20094,9ff97ee2,08
78,395,20145,a0057ef7,e6
78,396,20196,9ff17edb,17
78,397,20247,a0287ecf,eb
78,398,20298,a0167efc,d0
78,399,20349,a0357eff,ae
78,400,20400,a0587ee9,a1
78,401,20451,a05e7edc,a8
78,402,20502,a0677f0a,70
78,403,20553,a06d7ee1,94
78,404,20604,a08c7f01,54
78,405,20655,a0b47f06,27
78,406,20706,a0b27eee,42
78,407,20757,a0ba7f0c,1b
78,408,20808,a0ce7ef4,20
78,409,20859,a0da7f08,ff
78,410,20910,a0f27f01,ee
78,411,20961,a10f7efc,d6
78,412,21012,a1277ef1,c9
78,413,21063,a1517efc,94
78,414,21114,a14a7f1c,7a
78,415,21165,a1667f17,63
78,416,21216,a15f7ef5,8d
78,417,21267,a1867f00,5a
78,418,21318,a17f7f0a,57
78,419,21369,a1b67f10,1a
78,420,21420,a1a97efd,3b
78,421,21471,a1d37f21,ec
78,422,21522,a1d47f2a,e2
78,423,21573,a1e97f0e,e9
78,424,21624,a20e7f0d,c4
78,425,21675,a20f7f27,a9
78,426,21726,a21a7f27,9e
78,427,21777,a23a7f26,7f
78,428,21828,a2627f24,59
78,429,21879,a2777f38,30
78,430,21930,a27b7f37,2d
78,431,21981,a2927f0e,3f
78,432,22032,a2a97f38,fe
78,433,22083,a2b57f40,ea
78,435,22185,a2e07f2d,d2
78,436,22236,a2cb7f27,ed
78,437,22287,a2fc7f43,a0
78,438,22338,a2ed7f22,d0
78,439,22389,a31e7f47,79
78,440,22440,a3267f42,76
78,441,22491,a33e7f39,67
78,442,22542,a3377f50,57
78,443,22593,a34e7f32,5e
78,444,22644,a3767f46,22
78,445,22695,a3997f2e,17
78,446,22746,a38f7f54,fb
78,447,22797,a3ad7f32,ff
78,448,22848,a3ae7f43,ed
78,449,22899,a3c97f59,bc
78,450,22950,a3cf7f35,da
78,451,23001,a3f07f34,ba
78,452,23052,a4007f5e,7f
78,453,23103,a4107f41,8c
78,454,23154,a4367f62,45
78,455,23205,a44a7f46,4d
78,456,23256,a4337f5c,4e
78,457,23307,a4717f61,0b
78,458,23358,a4867f5e,f9
78,459,23409,a4957f44,04
78,460,23460,a4997f6c,d8
78,461,23511,a49a7f73,d0
78,462,23562,a4a37f5e,dc
78,463,23613,a4ce7f66,a9
78,464,23664,a4cd7f52,be
78,465,23715,a4d97f4e,b6
78,466,23766,a5057f72,65
78,467,23817,a4ff7f75,69
78,468,23868,a52a7f6a,48
78,469,23919,a54c7f59,37
78,470,23970,a5527f73,17
78,471,24021,a5657f80,f7
78,472,24072,a5577f81,04
78,473,24123,a5957f77,d0
78,474,24174,a59d7f82,bd
78,475,24225,a5ad7f8c,a3
78,476,24276,a5ce7f74,9a
78,477,24327,a5c67f68,ae
78,478,24378,a5c67f8b,8b
78,479,24429,a5f87f6e,76
78,480,24480,a5fa7f87,5b
78,481,24531,a5fb7f89,58
78,482,24582,a6187f71,52
78,483,24633,a6387f7e,25
78,484,24684,a6557f7b,0b
78,485,24735,a66f7f9e,ce
78,486,24786,a6727f94,d5
78,487,24837,a68a7f8e,c3
78,488,24888,a6a07f99,a2
78,490,24990,a6b67fa9,7c
78,491,25041,a6b37fa5,83
78,492,25092,a6da7f9b,66
78,493,25143,a6f67f8d,58
78,494,25194,a7107f9e,2c
78,495,25245,a7147f9d,29
78,496,25296,a71a7fa1,1f
78,497,25347,a73c7fa7,f7
78,498,25398,a72c7f8b,23
78,499,25449,a7617fa4,d5
78,500,25500,a76c7fa8,c6
78,501,25551,a7727fa7,c1
78,502,25602,a77f7fb9,a2
78,503,25653,a7977fb3,90
78,504,25704,a79c7fbb,83
78,505,25755,a7c37fbe,59
78,506,25806,a7ef7f9d,4e
78,507,25857,a7d87f98,6a
78,508,25908,a7f87fb4,2e
78,510,26010,a8087fc1,10
78,511,26061,a8217fcd,eb
78,512,26112,a8597fce,b2
78,513,26163,a86e7fd3,98
78,515,26265,a8687fb5,bc
78,516,26316,a8927fca,7d
78,517,26367,a89c7fc7,76
78,518,26418,a8997faf,91
78,519,26469,a8c07fc1,58
78,521,26571,a8d37fc8,3e
78,522,26622,a8fd7fcc,10
78,523,26673,a9217fc5,f2
78,524,26724,a9327fe3,c3
78,525,26775,a91c7fc2,fa
78,526,26826,a9317fc0,e7
78,527,26877,a96c7fe4,88
78,528,26928,a96d7fda,91
78,529,26979,a9777fe3,7e
78,530,27030,a98b7fdf,6e
78,531,27081,a9b27fd7,4f
78,532,27132,a9a77fc7,6a
78,533,27183,a9d57fe8,1b
78,534,27234,a9dc7fe8,14
78,535,27285,a9e27ff6,00
78,536,27336,a9eb7ff2,fb
78,537,27387,aa207fd7,e0
78,538,27438,aa297ff2,bc
78,539,27489,aa3c7ff4,a7
78,540,27540,aa467ff7,9a
78,541,27591,aa6a7fef,7e
78,542,27642,aa768005,5b
78,543,27693,aa6c7fe0,8b
78,544,27744,aa767fe9,78
78,545,27795,aa9a8004,38
78,546,27846,aac0800e,08
78,547,27897,aac27fed,28
78,548,27948,aaea8007,e5
78,549,27999,aae87fe5,0a
